date,delta_chern,chern_value,threshold,sigma_magnitude,classification,matched_event,distance_days
2006-05-15 04:00:00,0.018792117604309176,0.05604364557300399,0.013653430321187534,2.7527320478791872,FALSE_POSITIVE,No known event (closest: Lehman Collapse at 854 days),854
2006-05-31 04:00:00,0.011654393713670053,0.07040008396045,0.01063306575130917,2.192104137461039,FALSE_POSITIVE,No known event (closest: Lehman Collapse at 838 days),838
2006-06-12 04:00:00,-0.0200814491299902,0.04298908370997587,0.01185460273719983,3.3879581754307915,FALSE_POSITIVE,No known event (closest: Lehman Collapse at 826 days),826
2006-07-05 04:00:00,0.05570755558224856,0.14322433727016678,0.021146175923364288,5.268806595021051,FALSE_POSITIVE,No known event (closest: Lehman Collapse at 803 days),803
2006-07-10 04:00:00,0.06958078375978527,0.35719463480893443,0.037086755377973644,3.7523252196448706,FALSE_POSITIVE,No known event (closest: Lehman Collapse at 798 days),798
2006-08-01 04:00:00,-0.05389714590884637,0.3328022045192612,0.04329775162113809,2.489604835856355,FALSE_POSITIVE,No known event (closest: Lehman Collapse at 776 days),776
2006-11-27 05:00:00,0.002438518899971152,0.009616216373186688,0.0023667871250254405,2.060615316170389,FALSE_POSITIVE,No known event (closest: Lehman Collapse at 658 days),658
2006-12-15 05:00:00,0.004670749665564727,0.028768214963941798,0.004554436312200007,2.051076948009197,FALSE_POSITIVE,No known event (closest: Lehman Collapse at 640 days),640
2006-12-26 05:00:00,-0.009496636012909489,0.0172053556682838,0.005266553422681371,3.606395018043678,FALSE_POSITIVE,No known event (closest: Lehman Collapse at 629 days),629
2007-01-25 05:00:00,0.007849274049206822,0.02696599145528052,0.0057904246072362255,2.7111220960886624,FALSE_POSITIVE,No known event (closest: Lehman Collapse at 599 days),599
2007-02-22 05:00:00,-0.014510535799296292,0.008935483420196772,0.007149311205124062,4.059282183407063,FALSE_POSITIVE,No known event (closest: Lehman Collapse at 571 days),571
2007-02-27 05:00:00,0.02150754664926267,0.027432434454273142,0.008058579911814932,5.337800675707092,FALSE_POSITIVE,No known event (closest: Lehman Collapse at 566 days),566
2007-03-26 04:00:00,-0.021573236485966193,0.06988042843505261,0.01267794274904219,3.4032708481186407,FALSE_POSITIVE,No known event (closest: Lehman Collapse at 539 days),539
2007-04-26 04:00:00,-0.05469217385265712,0.003924206597145308,0.02512392016703946,4.353792997989924,FALSE_POSITIVE,No known event (closest: Lehman Collapse at 508 days),508
2007-06-08 04:00:00,0.04354334515225802,0.07080664287066259,0.02554117624168897,3.4096585638985135,FALSE_POSITIVE,No known event (closest: Lehman Collapse at 465 days),465
2007-06-13 04:00:00,0.03651904199320778,0.12574382829586941,0.027644893484550754,2.642009962065241,FALSE_POSITIVE,No known event (closest: Lehman Collapse at 460 days),460
2007-06-20 04:00:00,0.0416800457187588,0.17124987924886956,0.02896470345597135,2.8779887756914744,FALSE_POSITIVE,No known event (closest: Lehman Collapse at 453 days),453
2007-07-06 04:00:00,-0.040468083513120034,0.20500657666298203,0.029180492361340335,2.773639526845957,FALSE_POSITIVE,No known event (closest: Lehman Collapse at 437 days),437
2007-07-11 04:00:00,0.03257142389786952,0.2444280452639895,0.03021883062506016,2.1557037929097347,FALSE_POSITIVE,No known event (closest: Lehman Collapse at 432 days),432
2007-07-18 04:00:00,-0.04091655706706876,0.19975363095536172,0.032174537757371134,2.543412270635953,FALSE_POSITIVE,No known event (closest: Lehman Collapse at 425 days),425
2007-07-23 04:00:00,0.03371455855567548,0.20380156367884164,0.030248161328401905,2.2291972189409583,FALSE_POSITIVE,No known event (closest: Lehman Collapse at 420 days),420
2007-08-07 04:00:00,-0.06922058057606267,0.305304171974519,0.04210410173742227,3.2880682745709398,FALSE_POSITIVE,No known event (closest: Lehman Collapse at 405 days),405
2007-08-20 04:00:00,-0.05510156012251935,0.19791042950742047,0.04725224023680951,2.332230592512531,FALSE_POSITIVE,No known event (closest: Lehman Collapse at 392 days),392
2007-11-01 04:00:00,0.06051682250923321,0.18764365919098472,0.04197662824591762,2.883357955989173,FALSE_POSITIVE,No known event (closest: Lehman Collapse at 319 days),319
2007-11-16 05:00:00,-0.033812713358016805,0.1747893798836098,0.03297105548278783,2.051054348300639,FALSE_POSITIVE,No known event (closest: Lehman Collapse at 304 days),304
2007-11-28 05:00:00,-0.0337516089891268,0.13298523962086048,0.03311530402730479,2.0384296614820356,FALSE_POSITIVE,No known event (closest: Lehman Collapse at 292 days),292
2007-12-27 05:00:00,0.04402557886220325,0.15191082671153044,0.0345104651650061,2.5514335232343117,FALSE_POSITIVE,No known event (closest: Lehman Collapse at 263 days),263
2008-01-25 05:00:00,-0.04794592809506448,0.030328993266404394,0.036024386599055866,2.661859513595219,FALSE_POSITIVE,No known event (closest: Lehman Collapse at 234 days),234
2008-02-21 05:00:00,0.04148264198359574,0.09078603468090997,0.030877306669000557,2.6869339627502207,FALSE_POSITIVE,No known event (closest: Lehman Collapse at 207 days),207
2008-03-06 05:00:00,0.045351031814339915,0.179744991139123,0.028961168058292037,3.1318510167172073,FALSE_POSITIVE,No known event (closest: Lehman Collapse at 193 days),193
2008-04-03 04:00:00,-0.04753162260778225,0.10339602319044407,0.030251015866276817,3.142481086776956,FALSE_POSITIVE,No known event (closest: Lehman Collapse at 165 days),165
2008-05-07 04:00:00,0.05486919235389688,0.1582186493803056,0.031549514950523924,3.4782907084272434,FALSE_POSITIVE,No known event (closest: Lehman Collapse at 131 days),131
2008-06-04 04:00:00,-0.061490874651907834,0.11497901061046611,0.03298737409702039,3.7281460761959857,FALSE_POSITIVE,No known event (closest: Lehman Collapse at 103 days),103
2008-07-03 04:00:00,-0.06401705871668663,0.024022778404811235,0.038340073121316896,3.3394333137613894,FALSE_POSITIVE,No known event (closest: Lehman Collapse at 74 days),74
2008-08-08 04:00:00,0.04312900135267422,0.17390505499771297,0.03817838709932128,2.2593411942979094,FALSE_POSITIVE,No known event (closest: Lehman Collapse at 38 days),38
2008-08-29 04:00:00,0.04094850045907647,0.2499668104699186,0.035895912482436614,2.2815132769845046,FALSE_POSITIVE,No known event (closest: Lehman Collapse at 17 days),17
2008-09-05 04:00:00,-0.037175952510063504,0.17446007491302942,0.03482003911982365,2.1353193993914035,TRUE_POSITIVE,Lehman Collapse,10
2008-09-26 04:00:00,-0.040378240234725346,0.10356342527345315,0.03707926454731541,2.177941808052867,TRUE_POSITIVE,Market Crash Accelerates,10
2009-01-07 05:00:00,0.02383810635324173,0.04763035922070239,0.01053759345778446,4.524392869916945,FALSE_POSITIVE,No known event (closest: Market Crash Accelerates at 93 days),93
2009-01-21 05:00:00,0.01979121713657571,0.08436706755422595,0.01143424920284059,3.4617431867164505,FALSE_POSITIVE,No known event (closest: Market Crash Accelerates at 107 days),107
2009-01-29 05:00:00,0.017309516756602056,0.107441452616219,0.012030225040990878,2.877671314979216,FALSE_POSITIVE,No known event (closest: Market Crash Accelerates at 115 days),115
2009-02-04 05:00:00,-0.02564951480058042,0.08281823151769972,0.013856475132881414,3.7021702207243345,FALSE_POSITIVE,No known event (closest: Market Crash Accelerates at 121 days),121
2009-02-18 05:00:00,-0.01952831018705243,0.04449000856180598,0.014825487267642648,2.634424061012001,FALSE_POSITIVE,No known event (closest: Market Crash Accelerates at 135 days),135
2009-02-26 05:00:00,-0.017267732815356575,0.031796074922166094,0.01567844351220917,2.2027355970520652,FALSE_POSITIVE,No known event (closest: Market Crash Accelerates at 143 days),143
2009-05-11 04:00:00,0.019859789244348627,0.08655971545809844,0.011386835863892055,3.488201548127083,FALSE_POSITIVE,No known event (closest: Market Crash Accelerates at 217 days),217
2009-05-27 04:00:00,0.025151884969960056,0.14948981782349666,0.011751867769622068,4.280491486634371,FALSE_POSITIVE,No known event (closest: Market Crash Accelerates at 233 days),233
2009-06-08 04:00:00,-0.017583246396789265,0.15237766201749395,0.0136126550594225,2.5833676560574235,FALSE_POSITIVE,No known event (closest: Market Crash Accelerates at 245 days),245
2009-06-22 04:00:00,0.01903933965846563,0.14460789192999085,0.015552943310884238,2.4483262464078486,FALSE_POSITIVE,No known event (closest: Market Crash Accelerates at 259 days),259
2009-07-20 04:00:00,-0.02593967435613996,0.08939800395124757,0.01812189437504883,2.862799420335995,FALSE_POSITIVE,No known event (closest: Market Crash Accelerates at 287 days),287
2009-08-18 04:00:00,0.05993527951777484,0.08863944050039327,0.023822741421870446,5.031770144031476,FALSE_POSITIVE,No known event (closest: Flash Crash at 261 days),261
2009-08-31 04:00:00,0.026468663581125026,0.111068681897172,0.023250745146810785,2.276801316602589,FALSE_POSITIVE,No known event (closest: Flash Crash at 248 days),248
2009-09-15 04:00:00,-0.05994134305490104,0.05783639786251311,0.027759113995092403,4.318678403460442,FALSE_POSITIVE,No known event (closest: Flash Crash at 233 days),233
2009-10-16 04:00:00,0.04197092469003963,0.16414497918285076,0.028427092103577203,2.9528820279692343,FALSE_POSITIVE,No known event (closest: Flash Crash at 202 days),202
2009-10-22 04:00:00,0.05455801208325828,0.2757357326023962,0.032767718799849334,3.3299853686188943,FALSE_POSITIVE,No known event (closest: Flash Crash at 196 days),196
2009-10-29 04:00:00,0.06600343456701951,0.3190218649594719,0.037005307329735684,3.5672415299187277,FALSE_POSITIVE,No known event (closest: Flash Crash at 189 days),189
2009-11-18 05:00:00,-0.053639974114578326,0.25101962982979964,0.04177081446970432,2.568299172307617,FALSE_POSITIVE,No known event (closest: Flash Crash at 169 days),169
2009-11-25 05:00:00,-0.06798338180647984,0.18908425436369836,0.0455104133141784,2.987596765476976,FALSE_POSITIVE,No known event (closest: Flash Crash at 162 days),162
2009-12-09 05:00:00,0.04753830562128719,0.255218520361922,0.04509959744418326,2.108147669394263,FALSE_POSITIVE,No known event (closest: Flash Crash at 148 days),148
2010-02-24 05:00:00,0.05620271261707481,0.13522102835410652,0.03600732316703445,3.121737895169598,FALSE_POSITIVE,No known event (closest: Flash Crash at 71 days),71
2010-03-22 04:00:00,-0.0330560348511838,0.09573064527962008,0.03143494135296952,2.103139591069168,FALSE_POSITIVE,No known event (closest: Flash Crash at 45 days),45
2010-04-28 04:00:00,0.07498960702169995,0.14858451824999502,0.03501814632123165,4.2828998619057925,TRUE_POSITIVE,Flash Crash,8
2010-05-03 04:00:00,0.0659348127408973,0.29645513329754297,0.04413984141205237,2.987541895558049,TRUE_POSITIVE,Flash Crash,3
2010-05-25 04:00:00,-0.07502597518710347,0.2600429909730425,0.04826359893351707,3.109008728936749,FALSE_POSITIVE,No known event (closest: Flash Crash at 19 days),19
2010-06-01 04:00:00,-0.0671999743739322,0.05446693396999913,0.057437281227865865,2.3399427318760324,FALSE_POSITIVE,No known event (closest: Flash Crash at 26 days),26
2010-08-19 04:00:00,0.05126219820705748,0.12326201984201197,0.03510521307275994,2.920489221974535,FALSE_POSITIVE,No known event (closest: Flash Crash at 105 days),105
2010-09-16 04:00:00,-0.05061246054350893,0.04766854168348958,0.021748924253158775,4.654249557759903,FALSE_POSITIVE,No known event (closest: Flash Crash at 133 days),133
2010-10-19 04:00:00,0.03776756382175975,0.07407889854178558,0.02324284210992572,3.249823205194973,FALSE_POSITIVE,No known event (closest: Japan Earthquake at 148 days),148
2010-11-15 05:00:00,-0.03257402698001565,0.060027920864488125,0.022394134989523785,2.9091569730426405,FALSE_POSITIVE,No known event (closest: Japan Earthquake at 121 days),121
2010-11-24 05:00:00,0.06351979072093021,0.12410408780455436,0.02942476472243243,4.317437459236839,FALSE_POSITIVE,No known event (closest: Japan Earthquake at 112 days),112
2010-12-01 05:00:00,0.04986923968771209,0.23179320171961182,0.03520444936257664,2.8331214145178225,FALSE_POSITIVE,No known event (closest: Japan Earthquake at 105 days),105
2010-12-22 05:00:00,-0.06380109676924073,0.12962657577141182,0.03707417677741444,3.4418078735659647,FALSE_POSITIVE,No known event (closest: Japan Earthquake at 84 days),84
2010-12-29 05:00:00,-0.04990706396524845,0.022040448860566164,0.042086587573400475,2.371637466601862,FALSE_POSITIVE,No known event (closest: Japan Earthquake at 77 days),77
2011-02-22 05:00:00,0.039311625055093516,0.10857012210162587,0.036997905836171206,2.1250729827340815,FALSE_POSITIVE,No known event (closest: Japan Earthquake at 22 days),22
2011-02-28 05:00:00,-0.03891990586412079,0.04781229580700348,0.03300112312498183,2.3587018973095764,FALSE_POSITIVE,No known event (closest: Japan Earthquake at 16 days),16
2011-03-08 05:00:00,0.04574163160867312,0.20822459293766418,0.03988779174007669,2.2935153646379907,TRUE_POSITIVE_MINOR,Japan Earthquake,8
2011-03-28 04:00:00,-0.05350495963835633,0.17100101641412613,0.03465100978776251,3.088219360190326,FALSE_POSITIVE,No known event (closest: Japan Earthquake at 12 days),12
2011-04-04 04:00:00,-0.04436411373209306,0.08824297918952356,0.03759427173516677,2.3601528469345814,FALSE_POSITIVE,No known event (closest: Japan Earthquake at 19 days),19
2011-06-01 04:00:00,0.03716741496143729,0.1169379609663078,0.030175182765702357,2.4634425746499486,FALSE_POSITIVE,No known event (closest: US Debt Downgrade at 68 days),68
2011-06-28 04:00:00,-0.03780014245820584,0.03694457163900586,0.02292198677716019,3.2981558558327477,FALSE_POSITIVE,No known event (closest: US Debt Downgrade at 41 days),41
2011-07-18 04:00:00,0.02249506022469494,0.09215990485249198,0.020111086123343825,2.2370805919411714,FALSE_POSITIVE,No known event (closest: US Debt Downgrade at 21 days),21
2011-07-27 04:00:00,0.02422050567884937,0.12400553344036877,0.021267061362538434,2.2777482291477633,FALSE_POSITIVE,No known event (closest: US Debt Downgrade at 12 days),12
2011-08-23 04:00:00,-0.022516466237614587,0.050371655256909974,0.022063693743211172,2.0410423113802265,FALSE_POSITIVE,No known event (closest: US Debt Downgrade at 15 days),15
2011-09-21 04:00:00,0.02510527845734946,0.06092394603016434,0.019312661164469953,2.599877690966416,FALSE_POSITIVE,No known event (closest: US Debt Downgrade at 44 days),44
2011-10-25 04:00:00,0.017280216396532155,0.12015175593834135,0.014941450567472389,2.3130573994135846,FALSE_POSITIVE,No known event (closest: US Debt Downgrade at 78 days),78
2011-11-02 04:00:00,0.019964184573185995,0.1526233638800875,0.0165527698934007,2.4121865647567984,FALSE_POSITIVE,No known event (closest: US Debt Downgrade at 86 days),86
2011-11-09 05:00:00,0.03776309343654821,0.1721218641862221,0.017818662972857762,4.23860011203655,FALSE_POSITIVE,No known event (closest: US Debt Downgrade at 93 days),93
2011-11-21 05:00:00,-0.023368950223775997,0.13496937444998144,0.018974870599916593,2.463147255810927,FALSE_POSITIVE,No known event (closest: US Debt Downgrade at 105 days),105
2011-12-07 05:00:00,-0.04092657732718466,0.06627507236534164,0.022767136308177522,3.595232775277461,FALSE_POSITIVE,No known event (closest: US Debt Downgrade at 121 days),121
2011-12-30 05:00:00,0.02851120542174565,0.14942178077042464,0.025307162018671135,2.253212383175216,FALSE_POSITIVE,No known event (closest: US Debt Downgrade at 144 days),144
2012-01-30 05:00:00,-0.02860741018030344,0.06505185007659595,0.027594846660097077,2.0733878707628812,FALSE_POSITIVE,No known event (closest: US Debt Downgrade at 175 days),175
2012-03-07 05:00:00,0.024661311878327007,0.039752124448527604,0.02281371479742819,2.161972488680984,FALSE_POSITIVE,No known event (closest: US Debt Downgrade at 212 days),212
2012-04-03 04:00:00,-0.02374924249454489,0.020019444032175,0.017600364337709392,2.698721689943806,FALSE_POSITIVE,No known event (closest: US Debt Downgrade at 239 days),239
2012-04-11 04:00:00,0.021031739607216896,0.06435556669376687,0.018377771529237256,2.2888237100735997,FALSE_POSITIVE,No known event (closest: US Debt Downgrade at 247 days),247
2012-05-04 04:00:00,-0.014670626669106679,0.0932503047752213,0.013829086993335989,2.121705746182118,FALSE_POSITIVE,No known event (closest: US Debt Downgrade at 270 days),270
2012-05-10 04:00:00,-0.01942464051801923,0.06344581206115109,0.015334753491636429,2.533414120887359,FALSE_POSITIVE,No known event (closest: US Debt Downgrade at 276 days),276
2012-06-12 04:00:00,0.018238883911897204,0.04781329805118307,0.01553691315389639,2.3478130734512352,FALSE_POSITIVE,No known event (closest: US Debt Downgrade at 309 days),309
2012-06-21 04:00:00,0.02662559320263662,0.11765535459349373,0.018727588161168783,2.8434620596627775,FALSE_POSITIVE,No known event (closest: US Debt Downgrade at 318 days),318
2012-06-29 04:00:00,0.028673480401379348,0.2427359660700777,0.02352150677031031,2.4380649319262186,FALSE_POSITIVE,No known event (closest: US Debt Downgrade at 326 days),326
2012-07-13 04:00:00,0.051458143666292006,0.27211251057916896,0.026226899289255694,3.924073760970496,FALSE_POSITIVE,No known event (closest: US Debt Downgrade at 340 days),340
2012-07-23 04:00:00,-0.03528105634060463,0.26981418957051806,0.033438809242607254,2.1101861662974537,FALSE_POSITIVE,No known event (closest: US Debt Downgrade at 350 days),350
2012-08-03 04:00:00,0.04886469676884503,0.311175229295856,0.03723153727102043,2.624908899847087,FALSE_POSITIVE,No known event (closest: US Debt Downgrade at 361 days),361
2012-08-09 04:00:00,-0.05173831649138777,0.218844747278387,0.04013733932590429,2.5780640849801575,FALSE_POSITIVE,No known event (closest: US Debt Downgrade at 367 days),367
2012-08-30 04:00:00,-0.05229624054699126,0.014385959967628363,0.046652955836114236,2.2419261377864736,FALSE_POSITIVE,No known event (closest: US Debt Downgrade at 388 days),388
2012-11-26 05:00:00,0.020356402532201168,0.06129422576675529,0.016291505472010838,2.4990204333385777,FALSE_POSITIVE,No known event (closest: US Debt Downgrade at 476 days),476
2012-12-05 05:00:00,-0.017982166174407302,0.06101539689996052,0.012112230301638728,2.9692576390286107,FALSE_POSITIVE,No known event (closest: US Debt Downgrade at 485 days),485
2012-12-21 05:00:00,0.021573819912173678,0.08475567613381794,0.012973839051855606,3.325741875777015,FALSE_POSITIVE,No known event (closest: US Debt Downgrade at 501 days),501
2012-12-26 05:00:00,-0.025208545748873726,0.06259677038900711,0.014558598952683223,3.463045562392893,FALSE_POSITIVE,No known event (closest: US Debt Downgrade at 506 days),506
2012-12-31 05:00:00,0.019653864044116273,0.08314163004392303,0.015365893366083391,2.558115376161281,FALSE_POSITIVE,No known event (closest: US Debt Downgrade at 511 days),511
2013-01-22 05:00:00,-0.04237196792914268,0.042546399679127524,0.019018304509037565,4.455914343889843,FALSE_POSITIVE,No known event (closest: US Debt Downgrade at 533 days),533
2013-01-29 05:00:00,-0.021814125779425514,0.01386338501839965,0.019729920214750143,2.211273592796104,FALSE_POSITIVE,No known event (closest: US Debt Downgrade at 540 days),540
2013-02-20 05:00:00,0.020934658199493444,0.04495782013218053,0.020129804342693618,2.0799663864683273,FALSE_POSITIVE,No known event (closest: US Debt Downgrade at 562 days),562
2013-02-25 05:00:00,0.06375515299291509,0.11609988865342871,0.025548478871918946,4.990915765477543,FALSE_POSITIVE,No known event (closest: US Debt Downgrade at 567 days),567
2013-03-22 04:00:00,-0.05154138219768557,0.0892151607273854,0.030501163643885675,3.379633826397811,FALSE_POSITIVE,No known event (closest: Flash Rally at 572 days),572
2013-04-16 04:00:00,0.069465987861673,0.14400905417630955,0.036772229621439154,3.7781765520779054,FALSE_POSITIVE,No known event (closest: Flash Rally at 547 days),547
2013-05-13 04:00:00,-0.06956748834659976,0.21323300358674419,0.04472407044094688,3.11096408089491,FALSE_POSITIVE,No known event (closest: Flash Rally at 520 days),520
2013-10-04 04:00:00,0.014912615175281672,0.04094084472230517,0.010851476674843463,2.7484950891251474,FALSE_POSITIVE,No known event (closest: Flash Rally at 376 days),376
2013-10-15 04:00:00,0.026676749948951424,0.08756713880862957,0.0121264353651266,4.3997678040933375,FALSE_POSITIVE,No known event (closest: Flash Rally at 365 days),365
2013-10-31 04:00:00,-0.01584005918143437,0.0862623654202416,0.014224050692854238,2.227221981062254,FALSE_POSITIVE,No known event (closest: Flash Rally at 349 days),349
2013-11-11 05:00:00,-0.026510954026565337,0.06126867961270324,0.01595962081322195,3.322253622041196,FALSE_POSITIVE,No known event (closest: Flash Rally at 338 days),338
2014-01-13 05:00:00,0.01672619318999713,0.04414410027885269,0.014181764312721836,2.3588310764680807,FALSE_POSITIVE,No known event (closest: Flash Rally at 275 days),275
2014-02-10 05:00:00,-0.015101489509815498,0.06125702586661228,0.010789459940199888,2.799304060354243,FALSE_POSITIVE,No known event (closest: Flash Rally at 247 days),247
2014-02-19 05:00:00,0.019923492719151267,0.06088581144355353,0.013195840448975328,3.01966256657769,FALSE_POSITIVE,No known event (closest: Flash Rally at 238 days),238
2014-02-24 05:00:00,0.0773501043932259,0.19466962375940924,0.025676525003173134,6.024966726117875,FALSE_POSITIVE,No known event (closest: Flash Rally at 233 days),233
2014-03-19 04:00:00,-0.029063579726322147,0.13433558865918582,0.027432029911033523,2.118952175291439,FALSE_POSITIVE,No known event (closest: Flash Rally at 210 days),210
2014-04-10 04:00:00,0.05376485767729146,0.10635449688952338,0.03562080710602783,3.0187332654903964,FALSE_POSITIVE,No known event (closest: Flash Rally at 188 days),188
2014-04-25 04:00:00,0.03987488371608226,0.14602828228937756,0.037325795445396145,2.13658587795752,FALSE_POSITIVE,No known event (closest: Flash Rally at 173 days),173
2014-05-08 04:00:00,-0.05304064997852784,0.1660613308350628,0.040953913862197024,2.590260367153217,FALSE_POSITIVE,No known event (closest: Flash Rally at 160 days),160
2014-05-22 04:00:00,-0.041152701434159306,0.1105370598374342,0.035690729399174864,2.3060723121624247,FALSE_POSITIVE,No known event (closest: Flash Rally at 146 days),146
2014-08-27 04:00:00,-0.012974904758199006,0.02264129340682646,0.010483675278140618,2.4752588026553664,FALSE_POSITIVE,No known event (closest: Flash Rally at 49 days),49
2014-09-25 04:00:00,0.021435338004771085,0.03162242023185064,0.009787919292984058,4.379958061185865,FALSE_POSITIVE,No known event (closest: Flash Rally at 20 days),20
2014-10-08 04:00:00,0.02159646080267596,0.07773988337593676,0.012009915975986269,3.5964382841408566,TRUE_POSITIVE,Flash Rally,7
2014-11-04 05:00:00,-0.02149184751284082,0.07742129734278068,0.015067135243556016,2.852811389216481,FALSE_POSITIVE,No known event (closest: Flash Rally at 20 days),20
2014-12-11 05:00:00,0.018682501861111013,0.03455391446866574,0.017193219900223353,2.173240611069985,FALSE_POSITIVE,No known event (closest: Flash Rally at 57 days),57
2014-12-19 05:00:00,0.03774385830740333,0.10357217663256933,0.019983746554886193,3.777455664155693,FALSE_POSITIVE,No known event (closest: Flash Rally at 65 days),65
2014-12-30 05:00:00,0.0639345268428658,0.20489611189880078,0.026700038363155862,4.789096253216689,FALSE_POSITIVE,No known event (closest: Flash Rally at 76 days),76
2015-01-16 05:00:00,0.049843517445649965,0.25448734829394143,0.029761310202004992,3.3495512870459616,FALSE_POSITIVE,No known event (closest: Flash Rally at 93 days),93
2015-01-21 05:00:00,-0.03343764836058538,0.1850625388169838,0.03238464737897189,2.065030875234864,FALSE_POSITIVE,No known event (closest: Flash Rally at 98 days),98
2015-01-28 05:00:00,-0.0659246499127803,0.14135167389463776,0.03690064138682711,3.57308965021482,FALSE_POSITIVE,No known event (closest: Flash Rally at 105 days),105
2015-02-10 05:00:00,0.06406943070911705,0.23490905497346354,0.03963375890302565,3.2330736464275143,FALSE_POSITIVE,No known event (closest: Flash Rally at 118 days),118
2015-05-15 04:00:00,-0.02035458312976548,0.048438296603017204,0.019372088659795436,2.101434025749541,FALSE_POSITIVE,No known event (closest: China Black Monday at 101 days),101
2015-05-27 04:00:00,0.025533876937132036,0.0743488438924068,0.019659609281118408,2.59759759942487,FALSE_POSITIVE,No known event (closest: China Black Monday at 89 days),89
2015-06-23 04:00:00,-0.025814072255360206,0.055500813919771956,0.018592356734113802,2.7768477793883752,FALSE_POSITIVE,No known event (closest: China Black Monday at 62 days),62
2015-07-08 04:00:00,0.03760190323456131,0.10049935806107486,0.018642038200682328,4.034097863095787,FALSE_POSITIVE,No known event (closest: China Black Monday at 47 days),47
2015-08-04 04:00:00,-0.03883898141430112,0.03829259934405169,0.02080553168495304,3.733524526305686,FALSE_POSITIVE,No known event (closest: China Black Monday at 20 days),20
2015-10-06 04:00:00,0.020419948128541685,0.07076229476966422,0.015584889209666011,2.6204803709322344,FALSE_POSITIVE,No known event (closest: China Black Monday at 43 days),43
2015-10-13 04:00:00,0.03588553157076789,0.1308650978027478,0.01874081535192093,3.829665988047807,FALSE_POSITIVE,No known event (closest: China Black Monday at 50 days),50
2015-11-02 05:00:00,-0.025752349681435208,0.10830898169952281,0.01839658034717367,2.7996887677433624,FALSE_POSITIVE,No known event (closest: China Black Monday at 70 days),70
2015-11-09 05:00:00,-0.029812677648650338,0.050877801572175516,0.020940867926991184,2.8473201543116624,FALSE_POSITIVE,No known event (closest: China Black Monday at 77 days),77
2015-11-16 05:00:00,0.04461357209271693,0.08598676800270444,0.025448562801152864,3.506176159440788,FALSE_POSITIVE,No known event (closest: China Black Monday at 84 days),84
2015-12-02 05:00:00,0.029310863210389906,0.1221259312111471,0.025885222798284716,2.2646792294430003,FALSE_POSITIVE,No known event (closest: China Black Monday at 100 days),100
2015-12-17 05:00:00,0.051712893850325264,0.22498236571818755,0.030881438542242855,3.349124671092441,FALSE_POSITIVE,No known event (closest: China Black Monday at 115 days),115
2016-01-04 05:00:00,-0.03193048981761201,0.18243211905109563,0.031521138962976855,2.0259731004717794,FALSE_POSITIVE,No known event (closest: China Black Monday at 133 days),133
2016-01-12 05:00:00,-0.0476148111105182,0.0887313057703983,0.03277440061621004,2.905609879374463,FALSE_POSITIVE,No known event (closest: China Black Monday at 141 days),141
2016-02-23 05:00:00,0.0310548930654417,0.07384252372978149,0.030856271649417812,2.0128739737762604,FALSE_POSITIVE,No known event (closest: Brexit Vote at 122 days),122
2016-03-01 05:00:00,0.04458938749811822,0.15315456725269602,0.0325517085305654,2.739603511517663,FALSE_POSITIVE,No known event (closest: Brexit Vote at 115 days),115
2016-03-21 04:00:00,-0.03350016643675388,0.09902448130068026,0.028695051348788053,2.3349089729486594,FALSE_POSITIVE,No known event (closest: Brexit Vote at 95 days),95
2016-03-29 04:00:00,-0.045288668070718976,0.013106404869797809,0.0310278917685353,2.919223027369537,FALSE_POSITIVE,No known event (closest: Brexit Vote at 87 days),87
2016-06-24 04:00:00,0.06340051956981697,0.09299367005211576,0.021986591730525248,5.767198513246088,TRUE_POSITIVE_MINOR,Brexit Vote,0
2016-07-22 04:00:00,-0.06068034722621001,0.05569221340786821,0.026376006895485988,4.60117768899999,FALSE_POSITIVE,No known event (closest: Brexit Vote at 28 days),28
2016-09-12 04:00:00,0.03448523511214081,0.048834447937140354,0.02575957787942621,2.6774689611419173,FALSE_POSITIVE,No known event (closest: Brexit Vote at 80 days),80
2016-09-30 04:00:00,0.027062955799730865,0.1649474983807653,0.022862371714833088,2.367467044739933,FALSE_POSITIVE,No known event (closest: Brexit Vote at 98 days),98
2016-10-07 04:00:00,-0.026346414471227764,0.13851230440235887,0.024067434318102713,2.1893828916704163,FALSE_POSITIVE,No known event (closest: Brexit Vote at 105 days),105
2016-10-26 04:00:00,-0.021555623644088112,0.09635232789161445,0.021101707861016603,2.043021710475869,FALSE_POSITIVE,No known event (closest: Brexit Vote at 124 days),124
2017-03-21 04:00:00,0.005618929763243515,0.012649618487246503,0.003255079436912734,3.452407151435152,FALSE_POSITIVE,No known event (closest: Brexit Vote at 270 days),270
2017-04-18 04:00:00,-0.004470482234011395,0.016535497378962597,0.0033843573960876828,2.64184996488803,FALSE_POSITIVE,No known event (closest: Volmageddon at 293 days),293
2017-05-17 04:00:00,0.013286254909952222,0.019781202022272973,0.004997941208923314,5.31669115524247,FALSE_POSITIVE,No known event (closest: Volmageddon at 264 days),264
2017-06-14 04:00:00,-0.013797915399741564,0.025619264644830633,0.00828614211491574,3.3303593417506505,FALSE_POSITIVE,No known event (closest: Volmageddon at 236 days),236
2017-08-17 04:00:00,0.011418186897716745,0.023823932549100285,0.0092115401266676,2.4791048490709726,FALSE_POSITIVE,No known event (closest: Volmageddon at 172 days),172
2017-09-14 04:00:00,-0.011421602274135668,0.021096456946075107,0.00744722034358673,3.0673464050171493,FALSE_POSITIVE,No known event (closest: Volmageddon at 144 days),144
2018-01-02 05:00:00,0.0013250742563621128,0.004598248894101865,0.001061390437362085,2.496864885376905,FALSE_POSITIVE,No known event (closest: Volmageddon at 34 days),34
2018-01-31 05:00:00,0.001975028873050357,0.005725807936751105,0.001165376086745551,3.389513300493159,TRUE_POSITIVE,Volmageddon,5
2018-02-06 05:00:00,0.03303389912060851,0.07036253260249731,0.011036098142428001,5.986517824376809,TRUE_POSITIVE,Volmageddon,1
2018-03-02 05:00:00,-0.025594495943619622,0.0766189423115105,0.01342106167049888,3.8140791797238256,FALSE_POSITIVE,No known event (closest: Volmageddon at 25 days),25
2018-03-20 04:00:00,0.019100127155699698,0.053793683176131,0.01677656756459395,2.2770005940916658,FALSE_POSITIVE,No known event (closest: Volmageddon at 43 days),43
2018-04-25 04:00:00,0.044051277494700516,0.15665016439970833,0.02198280818918986,4.007793464382127,FALSE_POSITIVE,No known event (closest: Volmageddon at 79 days),79
2018-05-01 04:00:00,0.02407322442552734,0.1523084517169955,0.022521577401469324,2.13779203795528,FALSE_POSITIVE,No known event (closest: Volmageddon at 85 days),85
2018-05-21 04:00:00,-0.0304559416073647,0.16670726303475072,0.027597966023132758,2.207114943314038,FALSE_POSITIVE,No known event (closest: Volmageddon at 105 days),105
2018-05-30 04:00:00,-0.03938243611306333,0.05983252956206017,0.03140899547634226,2.5077170100983834,FALSE_POSITIVE,No known event (closest: Volmageddon at 114 days),114
2018-10-10 04:00:00,0.009781031059450437,0.018260384976008223,0.009608375699666223,2.035938511394847,TRUE_POSITIVE_CORRECTION,October Selloff,0
2018-10-25 04:00:00,0.006835808204938856,0.03955646333586919,0.005972964013676594,2.288916587907299,FALSE_POSITIVE,No known event (closest: October Selloff at 15 days),15
2018-11-06 05:00:00,-0.010004730612267636,0.036372063741803684,0.00576508267454933,3.4708021296675433,FALSE_POSITIVE,No known event (closest: October Selloff at 27 days),27
2018-11-15 05:00:00,0.007543168166719412,0.05391906321642304,0.0070207488581862446,2.1488215343079884,FALSE_POSITIVE,No known event (closest: October Selloff at 36 days),36
2018-11-26 05:00:00,0.014634336538454668,0.07447881473146989,0.00787246554236356,3.7178534373263146,FALSE_POSITIVE,No known event (closest: Christmas Eve Crash at 28 days),28
2018-12-04 05:00:00,0.06056002544297387,0.16230051741668955,0.01801567646673734,6.723036523750513,FALSE_POSITIVE,No known event (closest: Christmas Eve Crash at 20 days),20
2019-01-03 05:00:00,-0.06050763743965486,0.04220604898992547,0.026300329655947408,4.601283575620277,TRUE_POSITIVE_CORRECTION,Christmas Eve Crash,10
2019-03-22 04:00:00,0.062305099382315265,0.07115211735343427,0.02452655492854905,5.080623802553841,FALSE_POSITIVE,No known event (closest: Christmas Eve Crash at 88 days),88
2019-04-18 04:00:00,-0.06198640998091745,0.039504783027832654,0.023977669996612886,5.1703447407253265,FALSE_POSITIVE,No known event (closest: Trade War Spike at 109 days),109
2019-05-13 04:00:00,0.03423360651442742,0.054588594219679425,0.025763705092651572,2.6575064720944708,FALSE_POSITIVE,No known event (closest: Trade War Spike at 84 days),84
2019-06-10 04:00:00,-0.034386429652902464,0.053239896335625064,0.027963303895303656,2.4593967709715123,FALSE_POSITIVE,No known event (closest: Trade War Spike at 56 days),56
2019-08-06 04:00:00,0.020980301682244244,0.04094098567839942,0.016804127814935538,2.4970414309270983,TRUE_POSITIVE_MINOR,Trade War Spike,1
2019-08-14 04:00:00,0.020898255839706517,0.08529774453057916,0.014208151123592057,2.941727696717107,TRUE_POSITIVE_MINOR,Trade War Spike,9
2019-09-04 04:00:00,0.015254690394701245,0.11916420591715998,0.011728577603411545,2.6012856648983664,FALSE_POSITIVE,No known event (closest: Trade War Spike at 30 days),30
2019-09-11 04:00:00,-0.023670765354823153,0.07610224528879535,0.0127782780275522,3.704844315295824,FALSE_POSITIVE,No known event (closest: Trade War Spike at 37 days),37
2019-09-20 04:00:00,0.016309671019409437,0.07420834634961387,0.013445894973776918,2.4259703130535595,FALSE_POSITIVE,No known event (closest: Trade War Spike at 46 days),46
2019-10-17 04:00:00,-0.01790844281198402,0.10257776774515731,0.015251749770352672,2.34837878691081,FALSE_POSITIVE,No known event (closest: Trade War Spike at 73 days),73
2019-10-28 04:00:00,-0.021278139218548348,0.10011352512998065,0.0180264158329138,2.3607731471163933,FALSE_POSITIVE,No known event (closest: Trade War Spike at 84 days),84
2019-11-15 05:00:00,-0.02785003675615301,0.021345611750083232,0.018200895622604407,3.060293002456973,FALSE_POSITIVE,No known event (closest: COVID Begins at 101 days),101
2020-01-28 05:00:00,0.040140826835593696,0.05668661058507149,0.01390232497550823,5.7746926368517375,FALSE_POSITIVE,No known event (closest: COVID Begins at 27 days),27
2020-02-03 05:00:00,0.050633036906892234,0.15038905258253374,0.021945532787521385,4.61442767392579,FALSE_POSITIVE,No known event (closest: COVID Begins at 21 days),21
2020-02-25 05:00:00,-0.04030335463637491,0.1595500556695729,0.023309506148440545,3.458104550110453,TRUE_POSITIVE,COVID Begins,1
2020-03-02 05:00:00,-0.047555748976588236,0.07737287741565174,0.02916482354549843,3.2611717264394993,TRUE_POSITIVE,COVID Begins,7
2020-06-09 04:00:00,-0.01700438578621056,0.053736449588632475,0.01130487358956775,3.0083283375945706,FALSE_POSITIVE,No known event (closest: COVID Bottom at 85 days),85
2020-06-24 04:00:00,0.01955504311932274,0.1043069869644179,0.015068718265297223,2.5954487667816286,FALSE_POSITIVE,No known event (closest: COVID Bottom at 100 days),100
2020-07-09 04:00:00,-0.021695308680649922,0.13888517201836273,0.01617818887162132,2.6820441834136775,FALSE_POSITIVE,No known event (closest: COVID Bottom at 115 days),115
2020-07-14 04:00:00,0.0211224160451286,0.15777391674082314,0.019123716650286914,2.2090283422821684,FALSE_POSITIVE,No known event (closest: COVID Bottom at 120 days),120
2020-07-22 04:00:00,-0.023933922059015678,0.13198050524612326,0.02034364088896215,2.352963482756079,FALSE_POSITIVE,No known event (closest: COVID Bottom at 128 days),128
2020-08-07 04:00:00,-0.022838955919850246,0.055101346895479714,0.022106257922388572,2.0662887405036217,FALSE_POSITIVE,No known event (closest: COVID Bottom at 144 days),144
2020-09-03 04:00:00,0.07049010378800463,0.08178177695505683,0.028449781762597055,4.955405589836757,FALSE_POSITIVE,No known event (closest: Meme Stock Chaos at 146 days),146
2020-09-09 04:00:00,0.054522939567552275,0.13727700146983476,0.030483998364782005,3.5771514559941933,FALSE_POSITIVE,No known event (closest: Meme Stock Chaos at 140 days),140
2020-10-01 04:00:00,-0.07048505977368325,0.15689692165994518,0.036734108190781614,3.837581106235833,FALSE_POSITIVE,No known event (closest: Meme Stock Chaos at 118 days),118
2020-10-26 04:00:00,0.05410532368302934,0.20823267380701313,0.037986877333759286,2.8486323425666495,FALSE_POSITIVE,No known event (closest: Meme Stock Chaos at 93 days),93
2020-11-20 05:00:00,-0.04631199738704067,0.16704708416446026,0.041980927684398685,2.20633511175369,FALSE_POSITIVE,No known event (closest: Meme Stock Chaos at 68 days),68
2021-01-04 05:00:00,0.030357513049101705,0.060689327458575235,0.030073460366128336,2.0188905885465243,FALSE_POSITIVE,No known event (closest: Meme Stock Chaos at 23 days),23
2021-01-27 05:00:00,0.03171581514303971,0.11338229827990277,0.02763217030613398,2.2955717767850627,TRUE_POSITIVE_MINOR,Meme Stock Chaos,0
2021-02-23 05:00:00,0.07491106854746676,0.34871777120621716,0.040992146495115296,3.6548985575270283,FALSE_POSITIVE,No known event (closest: Meme Stock Chaos at 27 days),27
2021-03-24 04:00:00,-0.0631052173013174,0.3261328448158213,0.05326782985708251,2.3693556681632644,FALSE_POSITIVE,No known event (closest: Meme Stock Chaos at 56 days),56
2021-07-19 04:00:00,-0.033411094144966805,0.025336929347348117,0.02341051781796243,2.85436609346002,FALSE_POSITIVE,No known event (closest: Omicron Variant at 135 days),135
2021-08-16 04:00:00,-0.02714975151964876,0.03235789929773449,0.022403618320568225,2.4236934526529783,FALSE_POSITIVE,No known event (closest: Omicron Variant at 107 days),107
2021-11-26 05:00:00,0.03760937352281807,0.04017564927108284,0.011090157153132085,6.782478012441225,TRUE_POSITIVE_MINOR,Omicron Variant,5
2021-12-09 05:00:00,0.026693295536615202,0.2283804439820322,0.025694512221360367,2.077742928657313,TRUE_POSITIVE_MINOR,Omicron Variant,8
2021-12-16 05:00:00,0.03977462094018647,0.4269946595600951,0.035167205866965236,2.2620290671172865,FALSE_POSITIVE,No known event (closest: Omicron Variant at 15 days),15
2021-12-23 05:00:00,-0.0376101364803777,0.4062697669065096,0.03692732241738474,2.0369815095324375,FALSE_POSITIVE,No known event (closest: Omicron Variant at 22 days),22
2021-12-28 05:00:00,-0.06330234841815446,0.28935407734627855,0.043766183611325775,2.892751581007083,FALSE_POSITIVE,No known event (closest: Fed Pivot Fears Start at 27 days),27
2022-01-07 05:00:00,-0.06146438507953603,0.21831174155665492,0.04892894044262417,2.5123938725634725,FALSE_POSITIVE,No known event (closest: Fed Pivot Fears Start at 17 days),17
2022-04-14 04:00:00,0.06619621485001345,0.17668309470606572,0.027692734586389923,4.780764040727616,FALSE_POSITIVE,No known event (closest: First Rate Hike at 29 days),29
2022-05-12 04:00:00,-0.06605968441249324,0.06592092953104298,0.02764604431970953,4.778961044014365,FALSE_POSITIVE,No known event (closest: Bear Market Official at 32 days),32
2022-07-26 04:00:00,0.03527039957465644,0.08805108373571809,0.022397733374946986,3.149461508824656,FALSE_POSITIVE,No known event (closest: Bear Market Official at 43 days),43
2022-08-22 04:00:00,-0.03172542560430605,0.08934174617816504,0.02477342939380811,2.5612461722586963,FALSE_POSITIVE,No known event (closest: Bear Market Official at 70 days),70
2022-09-23 04:00:00,-0.07286283509341414,0.032694151139994396,0.038456241465198895,3.7893893067710014,FALSE_POSITIVE,No known event (closest: Bear Market Official at 102 days),102
2022-12-08 05:00:00,-0.02723061240230807,0.06111425947836568,0.025405973914715173,2.1436385390080295,FALSE_POSITIVE,No known event (closest: SVB Collapse at 92 days),92
2022-12-14 05:00:00,0.04627687184327192,0.17704714748783593,0.030794915588747807,3.0054878189165155,FALSE_POSITIVE,No known event (closest: SVB Collapse at 86 days),86
2023-01-09 05:00:00,-0.03151633058476069,0.1438854380379818,0.02597260154607701,2.426890546859448,FALSE_POSITIVE,No known event (closest: SVB Collapse at 60 days),60
2023-03-22 04:00:00,0.032259797553930894,0.1068061800149542,0.0299636945508275,2.153259004773828,FALSE_POSITIVE,No known event (closest: SVB Collapse at 12 days),12
2023-04-19 04:00:00,-0.04113672044538144,0.05037056721400486,0.02499515529500387,3.2915755041221137,FALSE_POSITIVE,No known event (closest: SVB Collapse at 40 days),40
2023-05-10 04:00:00,0.04395425261665514,0.1305077132059655,0.02709462197956844,3.2445001557726285,FALSE_POSITIVE,No known event (closest: SVB Collapse at 61 days),61
2023-06-07 04:00:00,-0.04520992180340798,0.1234028120589994,0.03017281025655412,2.996732582679302,FALSE_POSITIVE,No known event (closest: SVB Collapse at 89 days),89
2023-09-15 04:00:00,0.05151365321675132,0.10715751075054013,0.015837588492120944,6.505239511984907,FALSE_POSITIVE,No known event (closest: SVB Collapse at 189 days),189
2023-10-12 04:00:00,-0.0503429236740236,0.05208296767005341,0.021320215657682034,4.722552949963636,FALSE_POSITIVE,No known event (closest: SVB Collapse at 216 days),216
2023-10-25 04:00:00,0.030912411348260668,0.049618955236507695,0.023857856411733953,2.5913821271098847,FALSE_POSITIVE,No known event (closest: SVB Collapse at 229 days),229
2023-11-10 05:00:00,0.066226765536076,0.12915728213001376,0.029353728668916203,4.512323887915887,FALSE_POSITIVE,No known event (closest: SVB Collapse at 245 days),245
2023-11-21 05:00:00,-0.03069178084629856,0.11281184155419813,0.030569957839974893,2.0079701128121523,FALSE_POSITIVE,No known event (closest: SVB Collapse at 256 days),256
2023-12-08 05:00:00,-0.07029077357473855,0.02609134831199478,0.035713361169879144,3.9363852223476625,FALSE_POSITIVE,No known event (closest: SVB Collapse at 273 days),273
2024-02-01 05:00:00,0.040536506938819133,0.07032822561817123,0.03072544208600218,2.6386280676030798,FALSE_POSITIVE,No known event (closest: SVB Collapse at 328 days),328
2024-02-29 05:00:00,-0.04096590499329593,0.04309502042519513,0.026577074793105993,3.0828001435223675,FALSE_POSITIVE,No known event (closest: SVB Collapse at 356 days),356
2024-03-18 04:00:00,0.029224576039629878,0.07986944025228086,0.021458102943400347,2.7238732255796347,FALSE_POSITIVE,No known event (closest: SVB Collapse at 374 days),374
2024-04-12 04:00:00,0.028043120830365004,0.15065173970487622,0.023721925476508962,2.3643207932792114,FALSE_POSITIVE,No known event (closest: SVB Collapse at 399 days),399
2024-05-09 04:00:00,-0.03780486682102594,0.021057509068310533,0.025332873804816546,2.98464888842087,FALSE_POSITIVE,No known event (closest: SVB Collapse at 426 days),426
